ID,Temp,Medium,Species,lAIC,lBIC,lR2,pAIC,pBIC,pR2,gAIC,gBIC,gR2,bAIC,bBIC,bR2,deathPhase
0,15,TSB,Acinetobacter.clacoaceticus..RDA.R.,-57.69131508141993,-53.327145267986666,0.8620913253111683,-48.83284954346038,-44.46867973002711,0.793716958639196,-57.69176031962418,-53.327590506190916,0.862094116292502,-59.667520047312465,-55.3033502338792,0.8739392176775382,1
1,25,TSB,Acinetobacter.clacoaceticus..RDA.R.,-47.91373341662571,-45.08153261221687,0.9315493691236777,-36.996723615327205,-34.16452281091836,0.858271476459789,-47.94126295264625,-45.109062148237406,0.9316748815190693,-47.85924488701392,-45.02704408260508,0.9313002653391381,1
2,35,TSB,Acinetobacter.clacoaceticus..RDA.R.,-52.89041776508973,-50.05821696068089,0.9617564386567221,-21.06440346094087,-18.23220265653203,0.6808345877308152,-52.67720682243062,-49.84500601802178,0.9612089605459329,-53.08380655108827,-50.25160574667943,0.9622463322666278,1
3,5,TSB,Acinetobacter.clacoaceticus..RDA.R.,-157.81324302309247,-152.34405970314657,0.9342353954072186,-156.76761464994422,-151.29843132999832,0.9318209099538809,-157.813649141284,-152.3444658213381,0.9342363163732624,-158.99724100781447,-153.52805768786857,0.9368663282282946,0
4,15,TSB,Acinetobacter.clacoaceticus.1,-80.85607957638499,-76.49190976295172,0.9472261495599882,-39.50858357888751,-35.144413765454246,0.6543428293912422,-80.85621104703976,-76.4920412336065,0.9472264649323491,-85.67061585004635,-81.30644603661308,0.9575989446049678,0
5,25,TSB,Acinetobacter.clacoaceticus.1,-31.886910180327824,-29.33068086186679,0.8376853725658446,-35.62680342861648,-33.07057411015545,0.8757368661597047,-31.833632404949753,-29.277403086488718,0.8370664984284746,-31.911688961952756,-29.35545964349172,0.8379724012478593,1
6,35,TSB,Acinetobacter.clacoaceticus.1,-56.539385823628976,-53.44903093466985,0.9818368149104143,-15.683486186050832,-12.593131297091707,0.7665680790402709,-56.546546587140725,-53.4561916981816,0.9818449419837175,-56.37462161631167,-53.284266727352545,0.9816488083738473,0
7,5,TSB,Acinetobacter.clacoaceticus.1,-171.39511944809342,-165.92593612814753,0.9872493008428467,-175.27226823886073,-169.80308491891483,0.988844961044629,-170.9920244232777,-165.5228411033318,0.9870708308342324,-171.96720453447756,-166.49802121453166,0.9874983700224408,0
8,15,TSB,Acinetobacter.clacoaceticus.2,-50.84313057291264,-45.96762727343984,0.8934061319652322,-19.284890609414212,-14.40938730994141,0.6233352308046356,-50.843412436713564,-45.96790913724076,0.8934073337565693,NA,NA,NA,0
9,25,TSB,Acinetobacter.clacoaceticus.2,-22.473299653032328,-19.641098848623486,0.8497377882205921,-19.24031371753766,-16.408112913128818,0.813596394996079,-22.470635070472703,-19.63843426606386,0.849711093445056,-22.502115815234628,-19.66991501082579,0.8500261764749767,1
10,35,TSB,Acinetobacter.clacoaceticus.2,-17.55250101869579,-14.462146129736665,0.7761379256244103,-16.40962458429247,-13.319269695333345,0.759562567454084,-17.523862482225898,-14.433507593266773,0.7757368741724492,-17.777007861991997,-14.686652973032873,0.7792571509424742,1
11,5,TSB,Acinetobacter.clacoaceticus.2,-166.5135943290215,-161.0444110090756,0.9908942626614837,-154.1992443578227,-148.7300610378768,0.986077065433543,-166.57301470023077,-161.10383138028487,0.9909129010185402,-165.77012533436778,-160.30094201442188,0.9906578020276515,0
12,10,Cooked Chicken Breast,Aerobic Mesophilic.,-14.59049255901759,-12.998911467824108,0.9845470289102287,-12.66514157246348,-11.073560481269997,0.9815911192751144,-16.620862721821,-15.029281630627516,0.9871515628331049,-15.618921408968113,-14.02734031777463,0.9859263007153426,0
13,10,Raw Chicken Breast,Aerobic Mesophilic.,-21.426476884442323,-20.21613651246614,0.9914948349021306,-15.407135740543978,-14.196795368567795,0.9844725759842885,-24.769130940396856,-23.558790568420672,0.9939114605101103,-21.76465653898773,-20.554316167011546,0.9917776531592142,0
14,10,Salted Chicken Breast,Aerobic Mesophilic.,-31.971553434533888,-30.03192683538189,0.9928979785726364,-22.117095906539493,-20.17746930738749,0.9838554223251654,-33.35778507583085,-31.418158476678848,0.9936727851440934,-30.9664832696389,-29.0268566704869,0.992277521986938,0
15,15,Cooked Chicken Breast,Aerobic Mesophilic.,-21.78990437453264,-21.00100606518776,0.9953119325600577,-17.083963910493203,-16.295065601148323,0.9920917801047362,-26.366444583621387,-25.577546274276507,0.9971806229109342,-21.40004637661703,-20.611148067272154,0.9951043943670099,0
16,15,Raw Chicken Breast,Aerobic Mesophilic.,-20.66247815092123,-19.87357984157635,0.9934039073199542,-16.306527773843953,-15.517629464499075,0.9892975579768855,-19.007974823336856,-18.21907651399198,0.9920727106215217,-21.4138485895863,-20.62495028024142,0.9939322257875165,0
17,15,Salted Chicken Breast,Aerobic Mesophilic.,-18.62491009801508,-18.307143931295734,0.9921098884778514,-14.64793452415779,-14.330168357438447,0.9870287909090231,-21.764892532378106,-21.44712636565876,0.9946712725086734,-16.643565706770406,-16.325799540051065,0.9898924939784522,0
18,20,Cooked Chicken Breast,Aerobic Mesophilic.,-32.61902542685288,-31.408685054876695,0.997551052987401,-40.02632098777734,-38.81598061580115,0.9988324254238583,-29.06624859031765,-27.855908218341465,0.9965063891633303,-38.545307434012074,-37.334967062035886,0.9986460449978335,0
19,20,Raw Chicken Breast,Aerobic Mesophilic.,-19.33488449383911,-19.017118327119768,0.9917909988642554,-22.271356768826116,-21.95359060210677,0.9943130605717911,-17.468491359284826,-17.15072519256548,0.9896340085646812,-21.39665601227195,-21.07888984555261,0.9936559979218127,0
20,20,Salted Chicken Breast,Aerobic Mesophilic.,-16.90735132082047,-16.58958515410113,0.9902006548376984,-18.496218748476462,-18.17845258175712,0.9919658023701949,-21.075575584194027,-20.757809417474682,0.9941800740962436,-17.97335889037527,-17.65559272365593,0.9914231679783166,0
21,2,Cooked Chicken Breast,Aerobic Mesophilic.,-18.496343138577494,-17.707444829232614,0.990585739856483,-22.14375602221613,-21.35485771287125,0.9937225899807189,-18.058472822953796,-17.269574513608916,0.9901163899610992,-19.734870043249217,-18.945971733904337,0.9917960850294775,0
22,2,Raw Chicken Breast,Aerobic Mesophilic.,-39.947322617583964,-38.73698224560778,0.9983719348803917,-28.949332699366657,-27.738992327390473,0.9951100051106597,-32.595788361029236,-31.385447989053052,0.9966041785442643,-35.893854851780894,-34.683514479804714,0.9975581912806402,0
23,2,Salted Chicken Breast,Aerobic Mesophilic.,-31.885805049322535,-30.67546467734635,0.996206193194967,-32.046132906739835,-30.83579253476365,0.996266533482631,-24.260281762644496,-23.049941390668312,0.9918670616599691,-32.987632123163195,-31.77729175118701,0.9966019992578773,0
24,4,Cooked Chicken Breast,Aerobic Mesophilic.,-1.2665484404529046,-2.0995105635406848,0.9798771476217626,-9.900046128165314,-10.733008251253095,0.9952271680821672,-0.12607839642581453,-0.9590405195135947,0.9756645424764989,-3.8428592690863645,-4.675821392174145,0.9869018504385332,0
25,4,Raw Chicken Breast,Aerobic Mesophilic.,-21.34151965351853,-21.557879057297278,0.9973249540461551,-15.40435340392143,-15.620712807700176,0.9937528012311554,-20.361668693183752,-20.5780280969625,0.9969230302421852,-25.403805475323303,-25.62016487910205,0.9985027351455993,0
26,4,Salted Chicken Breast,Aerobic Mesophilic.,-25.205111168269205,-25.42147057204795,0.9986388452596544,-14.328394701771387,-14.544754105550133,0.9935624370064786,-18.25441259759918,-18.470772001377927,0.9963259655922908,-33.95405063787929,-34.17041004165804,0.9996099635498826,0
27,7,Cooked Chicken Breast,Aerobic Mesophilic.,-22.557616045219177,-20.617989446067178,0.9928334496135647,-17.103571545579044,-15.163944946427042,0.9887098786168647,-23.659503142641302,-21.7198765434893,0.993462201445111,-23.391703760890643,-21.452077161738643,0.9933146597182074,0
28,7,Raw Chicken Breast,Aerobic Mesophilic.,-26.80553652787159,-24.249307209410553,0.9905759008798033,-23.489098813301663,-20.93286949484063,0.988056842110121,-28.0228468374209,-25.466617518959865,0.9913607185978878,-25.42090003592294,-22.864670717461905,0.9895961830704717,0
29,7,Salted Chicken Breast,Aerobic Mesophilic.,-43.647713452922446,-41.09148413446141,0.9963426251238183,-39.1256584366287,-36.56942911816766,0.9949481749559614,-51.730158802777886,-49.17392948431685,0.997946741346568,-46.54790618682484,-43.991676868363804,0.9970269480456052,0
30,10,Cooked Chicken Breast,Aerobic Psychotropic.,-27.534825815030956,-25.595199215878957,0.9917152671847502,-14.571610085986123,-12.631983486834121,0.9755975782709797,-33.387993997929414,-31.448367398777414,0.9949131926916007,-24.935443706968258,-22.995817107816258,0.9897114710873239,0
31,10,Raw Chicken Breast,Aerobic Psychotropic.,-24.897831551037527,-22.958204951885527,0.9875516076239153,-14.51128640244816,-12.571659803296159,0.9704188623336673,-29.620555012086975,-27.680928412934975,0.9916016840825325,-24.639727077879726,-22.700100478727727,0.9872809585896487,0
32,10,Salted Chicken Breast,Aerobic Psychotropic.,-30.570317456089413,-28.630690856937413,0.9915377777717829,-27.823802792943162,-25.884176193791163,0.9893614091547739,-28.57421481305667,-26.63458821390467,0.990006311929332,-32.03729461807418,-30.097668018922178,0.9925115358954925,0
33,15,Cooked Chicken Breast,Aerobic Psychotropic.,-18.484374836570424,-17.695476527225544,0.9913372640010707,-23.30224461093635,-22.51334630159147,0.9949281190539874,-17.27241421688806,-16.48351590754318,0.9900885277539824,-22.06545788253938,-21.276559573194504,0.9941809763399255,0
34,15,Raw Chicken Breast,Aerobic Psychotropic.,-19.939857972614746,-18.729517600638562,0.9908354927334573,-23.961372066118898,-22.751031694142714,0.9938700492970651,-18.500952286665473,-17.29061191468929,0.9894172143478801,-22.73325935477214,-21.522918982795957,0.9930690424440731,0
35,15,Salted Chicken Breast,Aerobic Psychotropic.,-26.122512921524454,-25.333614612179574,0.9944988740324423,-21.736378848371224,-20.947480539026344,0.991044203081501,-28.47938503023083,-27.69048672088595,0.995766292384854,-24.646714445642218,-23.857816136297338,0.9935186397653426,0
36,20,Cooked Chicken Breast,Aerobic Psychotropic.,-23.337147881147512,-22.548249571802636,0.9933570676667516,-25.65506032441207,-24.86616201506719,0.9948653706717561,-23.057238181671714,-22.268339872326834,0.9931472189664811,-24.754902222252568,-23.966003912907688,0.9943252573045271,0
37,20,Raw Chicken Breast,Aerobic Psychotropic.,-17.914316317278498,-17.596550150559153,0.991217871644304,-20.311670984055446,-19.9939048173361,0.9934918876377641,-16.965686838817735,-16.647920672098394,0.9901122415421478,-19.249614786230957,-18.931848619511612,0.992567914697448,0
38,20,Salted Chicken Breast,Aerobic Psychotropic.,-12.742931481250242,-13.575893604338022,0.9886401191639852,-14.017500217297489,-14.850462340385269,0.9908141909301977,-12.625146324806664,-13.458108447894444,0.9884149116643455,-13.481711958618781,-14.314674081706562,0.9899561767467928,0
39,2,Cooked Chicken Breast,Aerobic Psychotropic.,-18.37484406482418,-17.5859457554793,0.9937568309274385,-12.688376030114117,-11.899477720769239,0.9882562909256136,-25.463494476278882,-24.674596166934002,0.9971598408362987,-16.21797510543097,-15.429076796086092,0.9920661372398628,0
40,2,Raw Chicken Breast,Aerobic Psychotropic.,-39.734840903829024,-38.52450053185284,0.9985199376701293,-28.58153311011384,-27.371192738137655,0.9954849557791089,-42.287061153097376,-41.076720781121196,0.9988533299001822,-38.21446740426019,-37.004127032284,0.998276905931836,0
41,2,Salted Chicken Breast,Aerobic Psychotropic.,-32.70197452647296,-31.491634154496776,0.9964732180893552,-16.812651878647237,-15.602311506671054,0.9827240030269476,-42.42871998753355,-41.21837961555737,0.9986666277373691,-30.529918544452457,-29.319578172476273,0.9956176223774409,0
42,4,Cooked Chicken Breast,Aerobic Psychotropic.,-17.611014315187163,-17.82737371896591,0.9973226257173301,-15.835985124327685,-16.05234452810643,0.9965498691161191,-18.648679322833175,-18.86503872661192,0.9976914982737349,-16.580891455207883,-16.79725085898663,0.9968981553666023,0
43,4,Raw Chicken Breast,Aerobic Psychotropic.,-15.569767865745774,-16.402729988833556,0.9951896201884036,-14.559794507364046,-15.392756630451826,0.9943077537772756,-15.33312109367057,-16.166083216758352,0.9949961021807135,-15.03379439892911,-15.86675652201689,0.9947401371353721,0
44,4,Salted Chicken Breast,Aerobic Psychotropic.,-21.086331354199608,-21.91929347728739,0.9978326098989084,-17.268670533292394,-18.101632656380175,0.9959048615395885,-19.13435029155118,-19.96731241463896,0.9969992750711617,-27.30627175315955,-28.13923387624733,0.9992313603445921,0
45,7,Cooked Chicken Breast,Aerobic Psychotropic.,-35.4232985781288,-32.867069259667765,0.9940126414481356,-27.193877239975592,-24.637647921514557,0.9892224404996165,-30.252327747259784,-27.69609842879875,0.991337482385793,-37.12655741262167,-34.57032809416064,0.9946985042738151,0
46,7,Raw Chicken Breast,Aerobic Psychotropic.,-18.904217244815992,-16.644419814969844,0.9829534602418725,-23.354021914535878,-21.094224484689732,0.9878945644651097,-19.510632972073246,-17.2508355422271,0.9837303749942927,-20.550428446415452,-18.290631016569307,0.9849810069195528,0
47,7,Salted Chicken Breast,Aerobic Psychotropic.,-44.49238974624432,-41.66018894183548,0.9944199422270051,-43.468439658983876,-40.63623885457503,0.9940257266875512,-46.60467570349035,-43.77247489908151,0.9951529025295177,-46.00950466715132,-43.17730386274248,0.9949567125806433,0
48,0,TGE agar,Arthrobacter aurescens,-55.561261035683586,-52.228407659458725,0.9891022364162619,-44.54835296627387,-41.215499590049006,0.9791703862088467,-62.48672334809797,-59.15386997187311,0.9927487239784272,-58.38891224846246,-55.0560588722376,0.9907721584638192,0
49,20,TGE agar,Arthrobacter aurescens,-32.51430478166144,-32.19653861494209,0.9977419103928801,-12.057576789987888,-11.739810623268545,0.9708746144902015,-34.42813288744352,-34.11036672072417,0.9982223528999069,-30.177784882103417,-29.860018715384072,0.9969759888766356,0
50,30,TGE agar,Arthrobacter aurescens,-28.394059196940717,-29.956307547204315,0.9998362966967917,-22.547646599957044,-24.109894950220642,0.999472927462178,-29.053302892853708,-30.615551243117306,0.9998565183828634,-23.768603896206635,-25.330852246470233,0.999587124240708,0
51,37,TGE agar,Arthrobacter aurescens,-51.12405540518327,-50.806289238463926,0.9995942472636142,-31.177470083708116,-30.85970391698877,0.9950898139330714,-66.91569938078788,-66.59793321406855,0.9999436383787018,-51.115583225687246,-50.7978170589679,0.9995938173347506,0
52,7,TGE agar,Arthrobacter aurescens,-38.904858393439724,-37.31327730224624,0.9947109991585688,-25.021195851336195,-23.429614760142712,0.9813138895468192,-42.29252915186218,-40.7009480606687,0.9961129159218929,-33.991922461055424,-32.40034136986194,0.9917330975152062,0
53,0,TGE agar,Arthrobacter citreus,-66.611656918879,-64.05542760041797,0.9971160253835221,-25.164465786388696,-22.60823646792766,0.9443165447160564,-73.77964509919424,-71.2234157807332,0.9982716447009051,-64.78832323149466,-62.23209391303362,0.9967148656851799,0
54,20,TGE agar,Arthrobacter citreus,-26.132653197383007,-25.814887030663662,0.9962567230249876,-19.240604469749005,-18.922838303029664,0.9911407021213752,-27.90253670218094,-27.584770535461594,0.9969996588879589,-25.34133609142488,-25.023569924705534,0.9958675268121951,0
55,30,TGE agar,Arthrobacter citreus,-21.144891074724008,-20.355992765379128,0.9838210306433892,-8.894542248425537,-8.10564393908066,0.9368910826432983,-24.863863688453883,-24.074965379109003,0.9892973322620561,-19.7811142722886,-18.992215962943725,0.9811739233083661,0
56,37,TGE agar,Arthrobacter citreus,1.5776124792370636,2.366510788581942,0.9032778078076242,6.388758870722777,7.177657180067655,0.8349225607359907,1.77124903932787,2.560147348672748,0.9011742651782982,1.541402398634923,2.3303007079798013,0.9036661725078273,0
57,7,TGE agar,Arthrobacter citreus,-33.41145878327339,-32.2011184112972,0.9947572494355842,-4.951241464909955,-3.740901092933772,0.9097243281566543,-45.719261841193514,-44.50892146921733,0.9984687782109042,-32.85550608365776,-31.645165711681575,0.99445752280768,0
58,0,TGE agar,Arthrobacter globiformis,-211.1168534740109,-207.33909755734513,0.09554084883732483,-210.37228692694174,-206.59453101027597,0.05939352345746718,-211.11685279035868,-207.3390968736929,0.0955408162933512,NA,NA,NA,1
59,20,TGE agar,Arthrobacter globiformis,-26.86931667111304,-26.551550504393695,0.9935158824398748,-20.868638901489433,-20.55087273477009,0.9862719600107007,-27.795381628987485,-27.47761546226814,0.994224657195241,-25.455494419496816,-25.13772825277747,0.9922624622567454,0
60,30,TGE agar,Arthrobacter globiformis,-16.190436089643683,-15.87266992292434,0.9737371483679216,-10.155596929776753,-9.83783076305741,0.9441588892340398,-16.19168364877069,-15.873917482051349,0.9737412436061293,-24.360904822578732,-24.043138655859387,0.9905421331736147,0
61,37,TGE agar,Arthrobacter globiformis,-22.106115233810886,-22.322474637589632,0.9938854129865424,-5.702070628210269,-5.918430031989016,0.9363046109933357,-22.107035294766526,-22.323394698545272,0.9938862166184093,-21.349301328601115,-21.56566073237986,0.9931872660383573,0
62,7,TGE agar,Arthrobacter globiformis,-65.87379859199821,-62.54094521577335,0.9925136699979455,-60.06834380763425,-56.73549043140939,0.9894663380278184,-68.0784516363311,-64.74559826010623,0.9934242198969605,-61.380305290703745,-58.047451914478884,0.9902486881327848,0
63,0,TGE agar,Arthrobacter simplex,-194.96265059329167,-191.40116356170702,0.3954077895207727,-193.59033063770747,-190.02884360612282,0.3475110553190045,-194.9627556486535,-191.40126861706887,0.3954113181578893,NA,NA,NA,0
64,20,TGE agar,Arthrobacter simplex,-21.00520650073118,-21.221565904509927,0.9960106468517427,-6.546753696053248,-6.763113099831995,0.9685272416512334,-25.557821016924294,-25.77418042070304,0.9979181527569363,-19.210937721289127,-19.427297125067874,0.994845071687984,0
65,30,TGE agar,Arthrobacter simplex,-28.58953764921116,-28.271771482491815,0.9955377402640724,-18.577204385760393,-18.25943821904105,0.9844011535985034,-28.59101235491574,-28.273246188196396,0.995538562753248,-27.633917663808404,-27.31615149708906,0.9949715700251929,0
66,37,TGE agar,Arthrobacter simplex,-52.822113485137,-52.50434731841766,0.9998299508966952,-20.928286431139092,-20.610520264419748,0.9908380380623938,-53.57033276433465,-53.252566597615306,0.9998451340617092,-49.645871728228634,-49.32810556150929,0.9997470688144326,0
67,7,TGE agar,Arthrobacter simplex,-54.920372827969146,-52.36414350950811,0.9964589813371854,-28.938926993982776,-26.38269767552174,0.9773483657152309,-45.79838804409789,-43.242158725636855,0.9932063742332744,-51.848053646622816,-49.29182432816178,0.9955900391419016,0
68,0,TGE agar,Arthrobacter sp. 62,-45.81361593536619,-42.252128903781525,0.9883227138144778,-44.732422950058556,-41.1709359184739,0.9875998089439917,-55.86332541064965,-52.30183837906499,0.9933185942287768,-45.49301855922622,-41.93153152764157,0.9881128668337579,0
69,20,TGE agar,Arthrobacter sp. 62,-38.152883591684954,-37.363985282340074,0.9986223769371267,-12.284627630852995,-11.495729321508117,0.9755993381188416,-31.87631358342984,-31.08741527408496,0.9972330205790082,-44.18278173687953,-43.39388342753465,0.9992950504837612,0
70,30,TGE agar,Arthrobacter sp. 62,-96.37246382137046,-95.16212344939427,0.050318567298622496,-99.71733399465445,-98.50699362267827,0.32030812054623525,-96.3700268488794,-95.15968647690322,0.05008710434364794,NA,NA,NA,0
71,37,TGE agar,Arthrobacter sp. 62,-163.83540368316667,-160.74504879420755,0.6143006480676889,-168.27105125012304,-165.1806963611639,0.707685519121797,-163.83686853945025,-160.74651365049112,0.6143359585837167,NA,NA,NA,0
72,7,TGE agar,Arthrobacter sp. 62,-19.249474817597886,-17.309848218445886,0.9718429526092857,-14.334150099057581,-12.39452349990558,0.9575889870532243,-22.299866397628918,-20.36023979847692,0.9781631616484404,-17.05821660059327,-15.118590001441268,0.9662019696870005,0
73,0,TGE agar,Arthrobacter sp. 77,-62.260579540421986,-58.482823623756225,0.9930540616942628,-50.68455898528749,-46.90680306862173,0.987225879196954,-64.01899369759671,-60.24123778093095,0.9936680454842144,-59.67346759934526,-55.8957116826795,0.9920408607572955,0
74,20,TGE agar,Arthrobacter sp. 77,-25.184610897522262,-25.400970301301008,0.9969487896378855,-7.244335823226734,-7.460695227005481,0.960415612276317,-26.220360288094632,-26.43671969187338,0.9973684470340249,-23.965030703301647,-24.181390107080393,0.9963680703394305,0
75,30,TGE agar,Arthrobacter sp. 77,-34.271385776376974,-33.06104540440079,0.9950010264509288,-11.621391238937754,-10.41105086696157,0.9518542891711349,-39.487332153084985,-38.276991781108805,0.9970327429808189,-33.06913422178341,-31.858793849807224,0.9943624038696354,0
76,37,TGE agar,Arthrobacter sp. 77,-183.45475503164724,-180.12190165542236,0.5446259350776457,-181.42658245687755,-178.09372908065268,0.4869242623555322,-183.45473657192102,-180.12188319569614,0.5446254406020498,NA,NA,NA,1
77,7,TGE agar,Arthrobacter sp. 77,-31.915859814965465,-29.65606238511932,0.9868009897177774,-23.309457390170174,-21.04965996032403,0.9744107381650552,-33.60469320013183,-31.34489577028568,0.9884089692506848,-31.270951401258912,-29.011153971412767,0.9861296955036801,0
78,0,TGE agar,Arthrobacter sp. 88,-66.01158969957862,-63.751792269732476,0.9985174785874016,-39.91040747171965,-37.650610041873506,0.9889599723689732,-70.43657440988981,-68.17677698004367,0.9989451897888456,-61.78314433272848,-59.52334690288234,0.9979476010600788,0
79,20,TGE agar,Arthrobacter sp. 88,-39.97386128133705,-37.417631962876015,0.990446490179446,-22.209094500164227,-19.65286518170319,0.9660183551872594,-39.15422998085475,-36.598000662393716,0.9898704823580309,-41.47306589782002,-38.916836579358986,0.9914166647356374,0
80,30,TGE agar,Arthrobacter sp. 88,-30.4368827336231,-28.845301642429618,0.992675046380744,-6.349972974418064,-4.758391883224581,0.9345683627129859,-31.914029625158996,-30.322448533965513,0.9935955008088683,-29.258567722571215,-27.666986631377732,0.9918468335807381,0
81,37,TGE agar,Arthrobacter sp. 88,-160.27254918914875,-157.18219430018962,-1.9923926760645472e-05,-164.97287654495645,-161.88252165599732,0.25453756571722197,-160.80829228375254,-157.7179373947934,0.032910293201767415,NA,NA,NA,1
82,7,TGE agar,Arthrobacter sp. 88,-55.912105843657756,-55.123207534312876,0.999516494782468,-53.18109465763734,-52.39219634829246,0.9993450834693821,-56.404664681785036,-55.615766372440156,0.999542245348018,-51.99014384910113,-51.20124553975625,0.9992524242327792,0
83,15,TSB,Bacillus.pumilus..RDA.R.,-72.99658634479155,-68.63241653135829,0.9808847680264847,-59.594400513502265,-55.230230700069,0.9648482020471157,-73.04270118203061,-68.67853136859735,0.9809247940533924,-67.72628226171109,-63.36211244827783,0.9757104849147953,0
84,25,TSB,Bacillus.pumilus..RDA.R.,-29.730497074516236,-26.898296270107394,0.967874817428046,-9.439537319268652,-6.607336514859812,0.8757406545891216,-29.73110024556412,-26.89889944115528,0.9678761092007429,-25.30676303182061,-22.474562227411766,0.9568554619398674,0
85,35,TSB,Bacillus.pumilus..RDA.R.,-45.14106681568438,-41.80821343945952,0.9699643832717353,-9.532778561173842,-6.199925184948977,0.756043704319616,-45.14188931571809,-41.80903593949323,0.9699658364304503,-42.821561272205024,-39.488707895980156,0.965573541736886,0
86,5,TSB,Bacillus.pumilus..RDA.R.,8.02100625546571,13.349824296166526,0.1093434127122539,7.216203021552141,12.545021062252957,0.13457911866215622,8.018804568140107,13.347622608840922,0.10941344379173312,NA,NA,NA,1
87,15,TSB,Bacillus.pumilus,-53.30088228223776,-48.936712468804494,0.9136045902322825,-63.236153043595124,-58.87198323016186,0.945000102022022,-53.30115428241813,-48.93698446898487,0.9136056583878175,-55.247595505922874,-50.88342569248961,0.9209209818753153,1
88,25,TSB,Bacillus.pumilus,-50.91766817217211,-48.36143885371107,0.991364011774691,-21.731816387272644,-19.17558706881161,0.9305475845613098,-50.9193939052798,-48.36316458681876,0.991365076238426,-46.04864705255517,-43.49241773409413,0.9877720370751158,0
89,35,TSB,Bacillus.pumilus,-28.879462983580105,-26.047262179171263,0.9869441474999515,24.123389111080815,26.955589915489654,0.5529099745058152,-28.88171832736097,-26.04951752295213,0.9869461103814314,-6.635873143252574,-3.803672338843734,0.9424794376462825,0
90,5,TSB,Bacillus.pumilus,-34.300657338940965,-28.97183929824015,-0.009089221808975756,-46.604172846908234,-41.27535480620742,0.349727065311204,-34.53291814361965,-29.204100102918837,-0.0007534183759487778,NA,NA,NA,1
91,15,TSB,Chryseobacterium.balustinum,-94.23514228894253,-89.87097247550926,0.9832944398317565,-61.20299936963657,-56.83882955620331,0.9250214067095162,-94.23725014675736,-89.8730803333241,0.9832960403435155,-108.8221621345931,-104.45799232115984,0.9913919720396609,0
92,25,TSB,Chryseobacterium.balustinum,-33.334577950776165,-31.394951351624165,0.9748815917930618,-18.898978742156242,-16.95935214300424,0.9163561777158953,-33.3352684107586,-31.395641811606602,0.9748830370227908,-50.9288593363965,-48.9892327372445,0.9942025923742053,0
93,35,TSB,Chryseobacterium.balustinum,-35.73630089777424,-32.9041000933654,0.9717196879667105,-3.334955304159479,-0.5027544997506386,0.754755522361573,-35.738039864088506,-32.905839059679664,0.9717229663440061,-38.73525992948414,-35.903059125075295,0.97684443193999,0
94,5,TSB,Chryseobacterium.balustinum,-170.73599204305714,-165.26680872311124,0.9975071119267214,-151.34994097845868,-145.88075765851278,0.9951356824582785,-170.7427816134453,-165.2735982934994,0.9975076955011303,-150.740159776668,-145.2709764567221,0.995032317842643,0
95,15,TSB,Clavibacter.michiganensis..RDA.R.,-46.20701998682664,-41.494804665434856,0.8633858665155307,-100.96772054715305,-96.25550522576127,0.9860502086479183,-46.06825370630817,-41.35603838491639,0.8625936854232212,-46.39835654156771,-41.68614122017593,0.864470673105322,1
96,25,TSB,Clavibacter.michiganensis..RDA.R.,-47.24625648844491,-43.91340311222004,0.9667274936871426,-33.54616626306274,-30.213312886837873,0.9255134121717632,-47.6121341362581,-44.27928076003323,0.9674359406871743,-46.25586070464384,-42.923007328418976,0.9647315077256982,1
97,35,TSB,Clavibacter.michiganensis..RDA.R.,-80.25195150225011,-76.91909812602525,0.9955283661914518,-13.014550395548113,-9.681697019323249,0.7665670021824675,-80.57653357162965,-77.24368019540479,0.9956129334836965,-75.01335152973621,-71.68049815351135,0.9939145128139809,0
98,5,TSB,Clavibacter.michiganensis..RDA.R.,-178.68068218980144,-173.21149886985555,0.9966275814779268,-174.81194135213374,-169.34275803218785,0.9961462950671958,-178.68121702616446,-173.21203370621856,0.9966276436736312,-179.97318378900383,-174.50400046905793,0.9967745865981849,0
99,15,TSB,Clavibacter.michiganensis,-57.26202731623721,-52.54981199484543,0.9371959797525242,-57.93401180109261,-53.22179647970083,0.9389300618434789,-57.26240531409313,-52.55018999270135,0.9371969689024429,-62.17530480320488,-57.4630894818131,0.9488225404055536,1
100,25,TSB,Clavibacter.michiganensis,-54.54913579745719,-51.71693499304835,0.989103467692411,-20.798433345826055,-17.966232541417213,0.8966117383630807,-54.550100631649,-51.71789982724016,0.9891041685596662,-52.194756392282464,-49.36255558787362,0.9872516324423647,0
101,35,TSB,Clavibacter.michiganensis,-10.75142100072916,-7.418567624504295,0.7875106239338205,-12.273652363274685,-8.94079898704982,0.8057105668303847,-10.75142100072916,-7.418567624504295,0.7875106239338207,NA,NA,NA,0
102,5,TSB,Clavibacter.michiganensis,-188.86663415904826,-183.39745083910236,0.9980129561034896,-169.87603093580748,-164.40684761586158,0.9961752372386207,-188.86974260567786,-183.40055928573196,0.9980131690789684,-185.34427146059062,-179.87508814064472,0.9977563391544677,0
103,15,TSB,Dickeya.zeae..RDA.R.,NA,NA,NA,-21.20422028554536,-16.49200496415358,0.8088171139418243,NA,NA,NA,NA,NA,NA,0
104,25,TSB,Dickeya.zeae..RDA.R.,-83.15216718359966,-80.06181229464053,0.9971432951112257,-20.78401680107095,-17.69366191211183,0.8591524326830884,-79.15846448567957,-76.06810959672045,0.996333361719422,-83.31442438576353,-80.2240694968044,0.9971721187716671,0
105,35,TSB,Dickeya.zeae..RDA.R.,-19.821589066689192,-16.260102035104534,0.8240743659549374,-0.38172929721515203,3.179757734369506,0.48195941877405346,-19.504746732104376,-15.943259700519718,0.8209502457660739,-19.844417652201024,-16.282930620616366,0.8242973430503097,1
106,5,TSB,Dickeya.zeae..RDA.R.,-25.16298285429429,-19.834164813593475,-0.019044682047529626,-32.17731158703805,-26.84849354633723,0.20677323374517587,-25.286587746055687,-19.95776970535487,-0.014556064334297902,NA,NA,NA,1
107,15,TSB,Dickeya.zeae,-58.19892567993311,-53.32342238046031,0.9165773274377447,-38.625178321153555,-33.74967502168075,0.8174781266095354,-58.13244024437671,-53.256936944903906,0.9163551764637663,-58.365249649866826,-53.48974635039402,0.917130492907185,1
108,25,TSB,Dickeya.zeae,-48.238359520806966,-45.14800463184784,0.9812894865525037,-10.549984087419933,-7.459629198460808,0.8027229577001231,-48.75670112235019,-45.66634623339106,0.9818859255101784,-47.90696565228894,-44.81661076332981,0.9808979110324271,0
109,35,TSB,Dickeya.zeae,-37.070949197143854,-33.5094621655592,0.9521523734771419,5.306520277628099,8.868007309212757,0.49612643478562835,-36.56415892446297,-33.00267189287831,0.9507860790620678,-37.2904193390427,-33.72893230745804,0.952732227132461,1
110,5,TSB,Dickeya.zeae,-79.94199950797692,-74.47281618803102,0.3523654299462088,-93.34584395425212,-87.87666063430622,0.5920579746616842,-79.94199950404139,-74.47281618409549,0.35236542985831965,-73.18044017625758,-67.71125685631168,0.1823095675687102,0
111,15,TSB,Enterobacter.sp.,-56.40218500823768,-50.79739548158906,0.8720066241976024,-40.220550228054535,-34.61576070140591,0.780496904034365,-56.40016968008548,-50.79538015343686,0.8719980256203381,NA,NA,NA,0
112,25,TSB,Enterobacter.sp.,-80.48525236846422,-77.15239899223936,0.9957337522293433,-55.28901479701197,-51.95616142078711,0.9812186131067275,-80.48763849488058,-77.15478511865572,0.9957343509994678,-117.63477629958179,-114.30192292335693,0.9995202697992652,0
113,35,TSB,Enterobacter.sp.,-92.70146011085055,-89.36860673462569,0.9979842870711295,-1.0797233279991403,2.2531300482257244,0.5583636207670344,-87.6271593120194,-84.29430593579454,0.9972831823167654,-90.26502874432424,-86.93217536809938,0.9976736687965218,0
114,5,TSB,Enterobacter.sp.,-205.072668200128,-199.6034848801821,0.9978599015449648,-94.36943405714999,-88.90025073720409,0.9026605127781855,-213.76766122393317,-208.29847790398728,0.998414302316485,-200.00214498693597,-194.53296166699008,0.9974510093353173,0
115,10,C02 Beef Striploins,Escherichia coli,-32.205726396446714,-31.416828087101834,0.9898326898898122,-32.81564109142633,-32.02674278208145,0.9904988828823282,-32.62071498501051,-31.83181667566563,0.9902908587436299,-32.515263072239236,-31.726364762894356,0.9901764288368524,0
116,10,Vacuum Beef Striploins,Escherichia coli,-19.378188576774185,-20.211150699861967,0.9955820865906247,-9.403250856958486,-10.236212980046266,0.976706901260338,-20.248530946478112,-21.081493069565894,0.9961786244719469,-18.63701586606144,-19.46997798914922,0.9950012079641443,0
117,12,C02 Beef Striploins,Escherichia coli,-48.36793492760778,-48.05016876088843,0.9978413555922427,-45.040216111966224,-44.72244994524688,0.9967278564578333,-47.68457304906091,-47.366806882341564,0.997648859168675,-48.42680086597175,-48.109034699252405,0.9978571811253669,0
118,12,Vacuum Beef Striploins,Escherichia coli,-21.730624485012175,-21.94698388879092,0.9952384514988967,-21.892407839386163,-22.10876724316491,0.9953472379945497,-21.71060392143671,-21.926963325215457,0.9952248135933702,-21.854254685553865,-22.07061408933261,0.99532180910884,0
119,15,C02 Beef Striploins,Escherichia coli,-22.30778405256572,-22.524143456344465,0.995526587606924,-23.052169508811215,-23.26852891258996,0.9959778735243349,-23.6592857294699,-23.875645133248646,0.9963120164393721,-23.149839270165366,-23.366198673944112,0.9960336038415749,0
120,15,Vacuum Beef Striploins,Escherichia coli,-35.01726563987029,-36.57951399013389,0.9999565692148742,-15.74859213771829,-17.31084048798189,0.9979514177965771,-43.62459050051103,-45.186838850774635,0.9999922344013294,-21.31645275852631,-22.878701108789908,0.9993272787184075,0
121,20,C02 Beef Striploins,Escherichia coli,-19.481491855346672,-20.31445397843445,0.9965503246975771,-21.14192582936255,-21.97488795245033,0.9973842754970922,-19.187760556133448,-20.02072267922123,0.9963772430371908,-19.79288887559073,-20.62585099867851,0.9967247945236137,0
122,20,Vacuum Beef Striploins,Escherichia coli,-30.82623916004306,-31.65920128313084,0.99961616382095,-17.53834729938809,-18.371309422475868,0.9964847550532557,-24.885978070954778,-25.71894019404256,0.9989669618916875,-46.06037960530575,-46.89334172839353,0.999969698644819,0
123,30,C02 Beef Striploins,Escherichia coli,-34.98796216344886,-35.20432156722761,0.9994992356282228,-18.596592263015573,-18.81295166679432,0.9947929958710285,-34.258789809738566,-34.47514921351731,0.9994442585579868,-32.24976292724938,-32.466122331028124,0.9992595138025049,0
124,30,Vacuum Beef Striploins,Escherichia coli,-19.518321292336545,-20.351283415424327,0.9975768521461721,-7.649746237637647,-8.482708360725427,0.9824831494994202,-18.45192521682177,-19.284887339909552,0.9971055354410092,-20.789514444219776,-21.622476567307558,0.9980394953087417,0
125,8,Vacuum Beef Striploins,Escherichia coli,-25.235137606546544,-25.45149701032529,0.9859858027240123,-28.90706670029646,-29.123426104075207,0.9917061887196711,-27.88595858662947,-28.102317990408217,0.9904036559724707,-25.62663631799431,-25.842995721773057,0.9867480790462633,0
126,15,TSB,Klebsiella.pneumonia..RDA.R.,-83.69063759418195,-77.82769398298305,0.9432275087338524,-31.24120200529211,-25.3782583940932,0.7076075923614742,-83.69064081683682,-77.82769720563792,0.9432275144512942,-83.64358843275818,-77.78064482155928,0.943143975524221,0
127,25,TSB,Klebsiella.pneumonia..RDA.R.,-108.84669428316982,-105.51384090694496,0.9985765936282257,-14.46309998398947,-11.130246607764605,0.633122139470605,-113.82112359017029,-110.48827021394543,0.998937696818546,-105.95818825145878,-102.62533487523392,0.9983129777849851,0
128,35,TSB,Klebsiella.pneumonia..RDA.R.,-80.9565652806693,-77.39507824908463,0.993605874342367,0.28980045272505084,3.851287484309709,0.4164870249537933,-94.84735151411114,-91.28586448252648,0.9970444955215593,-78.75866506279566,-75.197178031211,0.9927754476721649,0
129,5,TSB,Klebsiella.pneumonia..RDA.R.,-74.23233772689781,-68.76315440695191,0.19330986272564266,-89.04564395850804,-83.57646063856214,0.5159752882756186,-74.23233756632635,-68.76315424638045,0.19330985825904234,-74.23233584134556,-68.76315252139966,0.19330981027542005,0
130,15,TSB,Klebsiella.pneumonia,-84.83050661333975,-78.60911436738209,0.9410861779908638,-28.430576029995414,-22.209183784037762,0.7048445046627312,-84.83080190076875,-78.60940965481109,0.9410866750319394,-84.90193815351762,-78.68054590755996,0.941206292665051,0
131,25,TSB,Klebsiella.pneumonia,-104.59190939744953,-101.25905602122467,0.9982615525660239,-11.514978043779067,-8.182124667554202,0.5850715712045955,-91.97415066136827,-88.64129728514341,0.9963482243173057,-103.19727882745984,-99.86442545123498,0.9981129221378485,0
132,35,TSB,Klebsiella.pneumonia,-85.18253038117277,-81.6210433495881,0.9957525773877433,4.6468069781739665,8.208294009758625,0.37557508073248114,-89.49048390919728,-85.92899687761262,0.9966566222336816,-83.89172455424406,-80.3302375226594,0.9954368015613835,0
133,5,TSB,Klebsiella.pneumonia,-190.9337705827417,-185.4645872627958,0.9956796903632651,-148.40506760031516,-142.93588428036927,0.9812754766416483,-185.44260351745663,-179.97342019751073,0.9947790589505666,-191.43898514885691,-185.96980182891102,0.9957543034947549,0
134,12,MRS broth,Lactobacillus plantarum,-13.657688318880528,-10.567333429921403,0.9931205639670512,-17.26527977153529,-14.174924882576166,0.9945092645360463,-8.492788274432108,-5.402433385472984,0.9904995142449646,-18.279757199979304,-15.18940231102018,0.994846596492886,0
135,16,MRS broth,Lactobacillus plantarum,-18.51981228963154,-14.95832525804688,0.9925143777721568,-20.60251261932671,-17.041025587742052,0.9933322760119574,-14.166048063523679,-10.60456103193902,0.990466042159774,-36.09118348497181,-32.529696453387146,0.9971798308772479,0
136,20,MRS broth,Lactobacillus plantarum,-16.376128896787236,-13.285774007828111,0.9932673914917275,-18.035509268984697,-14.945154380025572,0.9939306507642627,-14.552598913525866,-11.462244024566742,0.9924546363645466,-17.8793500953543,-14.788995206395176,0.9938711242136865,0
137,30,MRS broth,Lactobacillus plantarum,-16.645298662392577,-14.38550123254643,0.9963162846906543,-17.822474374496895,-15.562676944650748,0.9966351955113771,-14.328966472852482,-12.069169043006335,0.995597813994382,-19.769256354292814,-17.50945892444667,0.9971031689446724,0
138,8,MRS broth,Lactobacillus plantarum,-35.184969521900726,-33.59338843070724,0.9644534198346335,-26.371506820396014,-24.77992572920253,0.920792749947559,-33.45972435020664,-31.86814325901316,0.9584172913296174,-35.28219612234942,-33.690615031155936,0.9647662238628053,0
139,12,MRS broth,Lactobacillus sakei,-11.625771733539228,-9.365974303693081,0.9942148504750364,-5.962711942570531,-3.7029145127243837,0.9910566146567866,-10.153881785812029,-7.894084355965882,0.9935213217810879,-13.720832529489115,-11.461035099642968,0.9950759287184986,0
140,16,MRS broth,Lactobacillus sakei,-43.14845388845372,-40.59222456999269,0.9993050455775665,-20.158635649741306,-17.60240633128027,0.9964097535132911,-38.08263565519239,-35.526406336731355,0.9990020627249343,-14.240860808335277,-11.684631489874244,0.9945210193967492,0
141,20,MRS broth,Lactobacillus sakei,-11.14304429852842,-8.883246868682273,0.9929043734503026,-2.4444425808682677,-0.18464515102212076,0.9861456145100126,-12.44515602576842,-10.185358595922272,0.9935806544401902,-2.640860110161027,-0.38106268031488,0.9863533675576378,0
142,30,MRS broth,Lactobacillus sakei,-24.77770489379047,-23.18612380259699,0.9988152252682766,-19.994341662678487,-18.402760571485004,0.9981698391493281,-20.754333944722685,-19.162752853529202,0.998292016129067,-18.40864028218783,-16.817059190994346,0.9978860493760403,0
143,4,MRS broth,Lactobacillus sakei,-14.91749787169903,-14.128599562354152,0.9888691817593943,-10.217438093568248,-9.42853978422337,0.981235879853124,-15.620362724979248,-14.83146441563437,0.9897053783963465,-13.559836036719737,-12.770937727374859,0.9870568201842561,0
144,8,MRS broth,Lactobacillus sakei,-45.5924890654031,-41.81473314873734,0.99803017752526,-26.36262146493742,-22.584865548271658,0.9945802931942652,-38.83513720840969,-35.05738129174393,0.9971888503660483,-50.6290330045779,-46.85127708791214,0.9984888632768771,0
145,10,MRS,Lactobaciulus plantarum,-186.70163924865366,-174.63251990139398,0.9566537994087668,-172.9920474749498,-160.9229281276901,0.9525341239969173,-186.4352147156855,-174.36609536842582,0.9565772518238189,NA,NA,NA,0
146,15,MRS,Lactobaciulus plantarum,189.85289484648072,199.76224210439355,-0.01963943828351633,-120.45636102598726,-110.54701376807444,0.9700070363875232,-160.97061874553467,-151.06127148762184,0.9810733020426669,NA,NA,NA,0
147,20,MRS,Lactobaciulus plantarum,-266.7378457095334,-256.00932080103655,0.991416400692337,-209.81024511448942,-199.08172020599255,0.9854591673274457,-268.7317127576074,-258.00318784911053,0.991573414964376,NA,NA,NA,0
148,25,MRS,Lactobaciulus plantarum,-202.68748903981674,-192.73294356088817,0.9903948785674911,-122.37418034705144,-112.41963486812287,0.9763185233722941,-194.487843517705,-184.53329803877642,0.9894679047302085,NA,NA,NA,0
149,15,Z8,Oscillatoria agardhii Strain 97,-21.67731132124269,-21.893670725021437,0.9268844959932121,-21.6284321449773,-21.844791548756046,0.9263721628149412,-21.432027980355656,-21.648387384134402,0.9242770780366589,-21.70822625792485,-21.924585661703595,0.9272066927310831,0
150,20,Z8,Oscillatoria agardhii Strain 97,-28.890647957914155,-29.1070073616929,0.9792752862194148,-25.94931662518364,-26.165676028962388,0.9684517827775609,-28.284547902434284,-28.50090730621303,0.9774008428170801,-28.93337385110309,-29.149733254881838,0.9794013983679261,0
151,25,Z8,Oscillatoria agardhii Strain 97,-26.822792194512502,-27.655754317600284,0.9913172097088608,-34.96734018501853,-35.80030230810631,0.9977657216856988,-25.340369570135252,-26.173331693223034,0.9888836902523114,-27.039742038959872,-27.872704162047654,0.9916255564666939,0
152,30,Z8,Oscillatoria agardhii Strain 97,-17.374786239395902,-18.207748362483684,0.8686056166740982,-32.57071176856971,-33.40367389165749,0.9895609967326727,-17.369854640820606,-18.202816763908388,0.8684975748863515,-17.375439241687197,-18.20840136477498,0.8686199160348536,1
153,15,Z8,Oscillatoria agardhii StrainCYA 128,-29.35537854551407,-29.571737949292817,0.9336672401971842,-24.091035106368814,-24.30739451014756,0.8592855087795882,-29.58196890184375,-29.798328305622498,0.9357800545699784,-29.355369113197966,-29.571728516976712,0.9336671508154726,0
154,20,Z8,Oscillatoria agardhii StrainCYA 128,-20.00469540196665,-20.221054805745396,0.8496361598923876,-19.76081174402425,-19.977171147802995,0.8443050755012469,-20.397457106213604,-20.61381650999235,0.857840574459746,-20.01009196632013,-20.226451370098875,0.8497520363826638,0
155,25,Z8,Oscillatoria agardhii StrainCYA 128,-32.7565092911669,-32.972868694945646,0.9829144456146989,-32.29251754001375,-32.508876943792494,0.9817435604549116,-33.53706547662486,-33.75342488040361,0.9847172413524586,-32.71942317802825,-32.935782581807,0.9828236858603892,0
156,30,Z8,Oscillatoria agardhii StrainCYA 128,-30.38569352505158,-30.602052928830325,0.9713888021413359,-28.56792337719485,-28.784282780973598,0.9629050951571363,-30.932510309958403,-31.14886971373715,0.9735387475531675,-30.33498740110148,-30.551346804880225,0.9711807978378656,0
157,15,TSB,Pantoea.agglomerans..RDA.R.,-43.67874042048639,-39.13676355676979,0.950655707463449,-9.437318870619347,-4.895342006902748,0.781326540380558,-44.10424413252017,-39.56226726880357,0.9515601924828002,-40.6936519884411,-36.1516751247245,0.9438173179967447,0
158,25,TSB,Pantoea.agglomerans..RDA.R.,-52.22898576373871,-48.896132387513845,0.981594721652431,-21.884919035903923,-18.55206565967906,0.8903182937415235,-52.23350499806221,-48.90065162183734,0.9815996138118867,-52.23580372191476,-48.9029503456899,0.9816021017264188,0
159,35,TSB,Pantoea.agglomerans..RDA.R.,-33.802023159360154,-30.46916978313529,0.9570648962586153,5.8618078424054225,9.194661218630287,0.5573159589845385,-30.73130813192342,-27.398454755698555,0.9485649392288475,-34.212267857863885,-30.87941448163902,0.9580886061617493,1
160,5,TSB,Pantoea.agglomerans..RDA.R.,-158.57949736884615,-153.11031404890025,0.9975604094121476,-81.32741866264581,-75.85823534269991,0.9649878544735482,-148.74233273545244,-143.27314941550654,0.9965752009209993,-152.82594503590983,-147.35676171596393,0.9970250459613921,0
161,15,TSB,Pantoea.agglomerans.1,NA,NA,NA,-32.28160896710861,-27.249222815022684,0.735825460153626,NA,NA,NA,NA,NA,NA,1
162,25,TSB,Pantoea.agglomerans.1,8.760556771791682,11.592757576200523,0.34253732443622953,-34.311400984885545,-31.479200180476703,0.9627771006881111,8.760556771791682,11.592757576200523,0.34253732443622953,NA,NA,NA,0
163,35,TSB,Pantoea.agglomerans.1,-42.89337573730392,-39.803020848344794,0.9803285447291793,-4.494739701332202,-1.4043848123730776,0.783176563384213,-42.14588477913257,-39.055529890173446,0.9793877244494048,-44.044891434877364,-40.95453654591824,0.9816945490274235,0
164,5,TSB,Pantoea.agglomerans.1,-165.52633293587587,-160.05714961592997,0.9976014765559894,-62.60725336944368,-57.138070049497784,0.9165884245154975,-154.40892803539333,-148.93974471544743,0.9964808759611882,-163.8219753898198,-158.3527920698739,0.9974562884204737,0
165,15,TSB,Pantoea.agglomerans.2,-34.37770649259917,-29.34532034051324,0.7696883591022909,-20.589291833967863,-15.556905681881934,0.6085894563357039,-34.37680221701904,-29.344416064933114,0.7696803487632742,-34.377731978265665,-29.345345826179738,0.769688584857783,1
166,25,TSB,Pantoea.agglomerans.2,11.765855802406222,14.598056606815064,0.3644429030196056,-20.77218398903834,-17.939983184629497,0.9273757215680263,11.765855802406222,14.598056606815064,0.36444290301960547,NA,NA,NA,1
167,35,TSB,Pantoea.agglomerans.2,-23.97111844363569,-21.138917639226847,0.9499279836143824,2.675430801789413,5.507631606198253,0.7041362887795779,-23.433290502666786,-20.601089698257944,0.9481000673269084,-25.93174745925151,-23.09954665484267,0.9560631359357211,1
168,5,TSB,Pantoea.agglomerans.2,-84.85048294028147,-79.11453412234088,0.9557110080659648,-89.9601075456151,-84.22415872767452,0.9624411304418298,-81.43106804406077,-75.69511922612018,0.9505461523752746,-85.4742332022239,-79.73828438428332,0.9565932403662862,1
169,15,TSB,Pectobacterium.carotovorum.subsp..Carotovorum.Pcc2,-92.24124833508823,-87.52903301369645,0.9917279327565347,-20.422819600098627,-15.710604278706844,0.8351033395477542,-91.72323441933952,-87.01101909794774,0.9915474484029515,-92.01869250920167,-87.30647718780989,0.9916508677927159,0
170,25,TSB,Pectobacterium.carotovorum.subsp..Carotovorum.Pcc2,-77.99427189985828,-74.66141852363342,0.9989104107013914,-12.846852343315405,-9.51399896709054,0.9497001555148037,-78.11712541986384,-74.78427204363898,0.9989182564286045,-78.23228394665777,-74.89943057043291,0.9989255594297737,0
171,35,TSB,Pectobacterium.carotovorum.subsp..Carotovorum.Pcc2,-17.756791996919446,-14.666437107960322,0.7445805131829677,-20.49168672113323,-17.401331832174108,0.7847120747060407,-17.668837422702044,-14.57848253374292,0.7431725648561545,-17.878768240919214,-14.78841335196009,0.7465203041282151,1
172,5,TSB,Pectobacterium.carotovorum.subsp..Carotovorum.Pcc2,-3.760288097792797,1.5685299429080182,-0.0011245135562014674,-77.17747031016853,-71.84865226946772,0.9272639642716412,-84.57305603923939,-79.24423799853858,0.9441478021694347,-88.38360374415157,-83.05478570345076,0.9512542561660446,0
173,12,APT Broth,Pseudomonas sp.,1.8207856296150773,2.1385517963344203,0.9799633193965408,8.346670351148079,8.664436517867422,0.9547003088702118,0.3789957709746776,0.6967619376940206,0.9832677015313005,1.9910295392418975,2.3087957059612405,0.9795323597893255,0
174,15,APT Broth,Pseudomonas sp.,-5.426978584732213,-5.10921241801287,0.9915266820159797,-0.18762454828702424,0.13014161843231875,0.9836889723800596,-6.319818683889567,-6.002052517170224,0.9924214858863744,-0.8478333236716278,-0.5300671569522848,0.9849810111588715,0
175,2,APT Broth,Pseudomonas sp.,-16.160041750237667,-16.376401154016413,0.9985226572644631,-15.327527742398573,-15.543887146177319,0.9983360811093479,-16.123947826148918,-16.340307229927664,0.9985150200062616,-11.799367252136452,-12.015726655915199,0.9972456030525604,0
176,4,APT Broth,Pseudomonas sp.,-10.750738487977387,-12.312986838240985,0.9994365214614197,-14.93916944537245,-16.501417795636048,0.9997561768773257,-10.216581126856116,-11.778829477119714,0.9993729911100682,-13.51022998393885,-15.072478334202447,0.9996755177134875,0
177,6,APT Broth,Pseudomonas sp.,-7.822126198238321,-8.655088321326101,0.99778336591617,-4.8115564119393035,-5.644518535027084,0.9963389444849831,-4.994702236914629,-5.827664360002409,0.9964490073157843,-15.198497258851958,-16.03145938193974,0.9993517023229197,0
178,8,APT Broth,Pseudomonas sp.,-26.399165601415213,-27.96141395167881,0.9999678656495039,6.969955575724829,5.40770722546123,0.9745683484229473,-34.41641825590055,-35.978666606164154,0.9999935345343496,-22.829225699170514,-24.391474049434112,0.9999343778332046,0
179,10,Cooked Chicken Breast,Pseudomonas spp.,-18.403771957697828,-16.812190866504345,0.9862114521892928,-18.86529466133979,-17.273713570146306,0.9867780044887531,-18.123844403351978,-16.532263312158495,0.9858560589459479,-17.00466424798595,-15.413083156792467,0.9843412480796165,0
180,10,Raw Chicken Breast,Pseudomonas spp.,-32.24737744777832,-29.987580017932174,0.9944363651634941,-20.886827431898435,-18.627030002052287,0.986668360698378,-37.82317578674819,-35.56337835690204,0.9963768490417104,-29.785544019650125,-27.52574658980398,0.9932764018891818,0
181,10,Salted Chicken Breast,Pseudomonas spp.,-37.01442216105111,-34.75462473120496,0.9943128869578419,-19.627590411319428,-17.36779298147328,0.978336012027369,-40.99083437874234,-38.7310369488962,0.9958115745215153,-36.97254726016877,-34.71274983032262,0.9942945383993238,0
182,15,Cooked Chicken Breast,Pseudomonas spp.,-26.962896489112154,-25.023269889960154,0.9935303320419027,-21.70123137311744,-19.761604773965438,0.9899698367304379,-28.993444259742276,-27.053817660590276,0.9945374677038415,-18.43184871623135,-16.49222211707935,0.9868286313163332,0
183,15,Raw Chicken Breast,Pseudomonas spp.,-25.60032779267643,-23.66070119352443,0.9926111270620032,-25.851061026268518,-23.911434427116518,0.9927639116631675,-25.070998629647136,-23.131372030495136,0.9922779028774814,-25.32864258335848,-23.38901598420648,0.99244193166979,0
184,15,Salted Chicken Breast,Pseudomonas spp.,-42.91592909984922,-40.97630250069722,0.9971293433475611,-41.673251928494324,-39.733625329342324,0.9968161306517265,-43.886679281290306,-41.947052682138306,0.9973524228099176,-39.668913985558305,-37.729287386406305,0.9962373428553684,0
185,20,Cooked Chicken Breast,Pseudomonas spp.,-14.2950616550944,-13.506163345749522,0.9897335205452449,-12.28684993308429,-11.497951623739413,0.987167015094996,-17.39026055278248,-16.6013622434376,0.9927211478535455,-13.148110553892032,-12.359212244547154,0.9883381459529414,0
186,20,Raw Chicken Breast,Pseudomonas spp.,-29.817958933989672,-29.029060624644792,0.9980013839680074,-25.24847639996586,-24.45957809062098,0.9966793012136976,-31.37175903094601,-30.58286072160113,0.9983182910613021,-24.397235742518035,-23.608337433173155,0.996349889161466,0
187,20,Salted Chicken Breast,Pseudomonas spp.,-32.61401220802685,-32.296246041307505,0.9986468056141968,-38.60013724540478,-38.282371078685436,0.999359686654811,-30.765117659128038,-30.447351492408693,0.998294974907394,-39.5314598339477,-39.213693667228355,0.9994300535923009,0
188,2,Cooked Chicken Breast,Pseudomonas spp.,-21.113713275564766,-19.903372903588583,0.993138415497588,-14.966264630900916,-13.755924258924733,0.9873116626004229,-20.74942588843205,-19.539085516455867,0.9928838479934693,-22.69077861793607,-21.480438245959885,0.9941395179701615,0
189,2,Raw Chicken Breast,Pseudomonas spp.,-22.687789428883026,-21.096208337689543,0.9891875756565915,-8.528618331420667,-6.937037240227184,0.9608307011402132,-27.292549445849176,-25.700968354655693,0.9928858815184101,-20.856101664368833,-19.26452057317535,0.9872285406306271,0
190,2,Salted Chicken Breast,Pseudomonas spp.,-37.326699378341424,-35.73511828714794,0.9969118281662385,-4.502509114259302,-2.9109280230658197,0.9389558988275053,-42.86104243451939,-41.26946134332591,0.9981327678881855,-36.82726925099846,-35.23568815980498,0.9967683849908362,0
191,4,Cooked Chicken Breast,Pseudomonas spp.,-13.56399435775333,-14.39695648084111,0.9868137794804767,-16.413840654581996,-17.246802777669778,0.9917994764359337,-13.553016537715152,-14.385978660802932,0.9867896314034682,-13.579440725148213,-14.412402848235994,0.9868476823565115,0
192,4,Raw Chicken Breast,Pseudomonas spp.,-12.705498999434752,-12.921858403213498,0.9920953510507149,-5.523611605067028,-5.739971008845775,0.9779473015197028,-15.703233892950493,-15.91959329672924,0.9948489363926462,-9.081804782837175,-9.29816418661592,0.986735097155633,0
193,4,Salted Chicken Breast,Pseudomonas spp.,-18.56094578609327,-18.777305189872017,0.9941970698118143,-5.557558812912374,-5.773918216691121,0.9628118669894511,-16.229490129727413,-16.44584953350616,0.9919035306122084,-19.46677774585776,-19.683137149636508,0.9949014385609908,0
194,7,Cooked Chicken Breast,Pseudomonas spp.,-35.958761393154475,-33.69896396330833,0.9953112663423986,-21.11918788393168,-18.859390454085535,0.9853173255253473,-51.393832636768536,-49.13403520692239,0.9985697498423768,-35.60239507200447,-33.342597642158324,0.9951809571433081,0
195,7,Raw Chicken Breast,Pseudomonas spp.,-27.03255252150865,-25.440971430315166,0.9903702580143773,-35.202350692807485,-33.610769601614,0.9954179453639702,-27.710413755254336,-26.118832664060854,0.9909457642747307,-28.143886742511057,-26.552305651317575,0.9912956225964765,0
196,7,Salted Chicken Breast,Pseudomonas spp.,-48.651507247629056,-46.711880648477056,0.9974449768981164,-40.94917159246444,-39.00954499331244,0.9951454200932195,-40.23430602761299,-38.29467942846099,0.9948474347345861,-53.00271248586519,-51.06308588671319,0.9982220503312023,0
197,15,TSB,Pseudomonas.fluorescens.1,-60.4015649773892,-55.8595881136726,0.9554570421988129,-38.82535078539397,-34.283373921677374,0.8861877300030245,-60.18257689989241,-55.64060003617581,0.9550309134504814,-62.17346936071628,-57.631492496999684,0.9587597489626382,0
198,25,TSB,Pseudomonas.fluorescens.1,-36.115693430184734,-33.85589600033859,0.9637877470367257,-24.601528964588127,-22.34173153474198,0.9121964001736302,-36.14733638647998,-33.88753895663383,0.9638757831376156,-35.81582181718841,-33.55602438734226,0.9629427287197939,1
199,35,TSB,Pseudomonas.fluorescens.1,-78.67441706008537,-75.34156368386051,0.9944294734587101,-16.54036937274363,-13.207515996518765,0.7846136132790321,-78.67931411610508,-75.34646073988021,0.9944310778852902,-93.70348558100827,-90.3706322047834,0.9976988092026132,0
200,5,TSB,Pseudomonas.fluorescens.1,-129.8798754728789,-124.410692152933,0.9885049665707055,-128.37113015689144,-122.90194683694554,0.9878910994247797,-127.81735111542491,-122.34816779547901,0.9876576480500284,-131.81485593314383,-126.34567261319793,0.9892469266985379,0
201,15,TSB,Pseudomonas.fluorescens.2,-101.35457992893409,-96.81260306521749,0.9895177191751899,-40.0323756142596,-35.490398750543,0.8492128729622458,-101.35723184823934,-96.81525498452274,0.9895189277212929,-119.22213633408857,-114.68015947037198,0.9951797007428358,0
202,25,TSB,Pseudomonas.fluorescens.2,-58.63480928117954,-56.3750118513334,0.9951895880299418,-22.369459414888112,-20.109661985041967,0.9217095971500973,-58.63566542766054,-56.375867997814396,0.9951899048208395,-66.12315849126719,-63.863361061421045,0.9972959358911434,0
203,35,TSB,Pseudomonas.fluorescens.2,-51.24617117455478,-48.41397037014594,0.9617209688385295,-24.22726447055218,-21.395063666143336,0.7681332846124664,-50.73285065928896,-47.900649854880115,0.9603883358279907,-51.75153554760894,-48.919334743200096,0.9629891431197081,0
204,5,TSB,Pseudomonas.fluorescens.2,-131.8591422715592,-126.3899589516133,0.9915087847289332,-142.8297009044926,-137.3605175845467,0.9941832772237859,-131.67686789622107,-126.20768457627517,0.9914552466199421,-133.0807924910035,-127.61160917105761,0.9918590550385095,0
205,10,Vacuum Beef Striploins,Salmonella Typhimurium,-45.213100903027765,-46.04606302611555,0.9997704292068732,-30.512319466753524,-31.345281589841306,0.9973393075482719,-34.848083486879986,-35.68104560996777,0.9987083001392826,-42.67656635658685,-43.50952847967463,0.9996496378946234,0
206,12,C02 Beef Striploins,Salmonella Typhimurium,-48.407095858280655,-48.08932969156131,0.9970899889960235,-35.18156821004357,-34.86380204332423,0.9847992036391485,-46.97049309122092,-46.65272692450158,0.9965175634442266,-48.34840047469181,-48.03063430797246,0.9970685599540206,0
207,12,Vacuum Beef Striploins,Salmonella Typhimurium,-31.246666377659842,-31.46302578143859,0.9962666931631249,-32.26583129472512,-32.482190698503864,0.9967725272385284,-32.361017090305715,-32.57737649408446,0.9968161172791726,-31.595258284786212,-31.811617688564958,0.9964480542622923,0
208,15,C02 Beef Striploins,Salmonella Typhimurium,-17.553820837246953,-17.7701802410257,0.9877392363562468,-18.038321486871865,-18.25468089065061,0.9885591551074421,-20.947265141690085,-21.16362454546883,0.9924494043196413,-17.62683057955538,-17.843189983334128,0.9878664510939359,0
209,15,Vacuum Beef Striploins,Salmonella Typhimurium,-16.769436640848404,-18.331684991112002,0.9978217285304732,-22.27696268846872,-23.83921103873232,0.9992760069970845,-12.94768755549753,-14.509935905761129,0.9953219494431409,-20.131953762628616,-21.694202112892214,0.998888146731823,0
210,20,C02 Beef Striploins,Salmonella Typhimurium,-8.183200415904526,-9.016162538992306,0.974791493361483,-8.97144388812944,-9.80440601121722,0.9778949168129822,-6.9819978206265,-7.81495994371428,0.9692040885782172,-8.331681020305226,-9.164643143393006,0.9754076668159996,0
211,20,Vacuum Beef Striploins,Salmonella Typhimurium,-20.80948144015969,-21.64244356324747,0.9979496590754455,-21.34247121596911,-22.175433339056887,0.9981239388337144,-22.21171958652121,-23.044681709608987,0.9983769619601273,-21.291853536315067,-22.12481565940285,0.9981080449079884,0
212,30,C02 Beef Striploins,Salmonella Typhimurium,-16.13104570763798,-16.347405111416727,0.9895480592098704,-20.56602417241119,-20.782383576189936,0.9944532102854096,-15.579165725473203,-15.79552512925195,0.9886906741686183,-18.181985864473642,-18.39834526825239,0.9922025540970437,0
213,30,Vacuum Beef Striploins,Salmonella Typhimurium,-28.9750659027831,-29.808028025870883,0.9994712781267147,-18.854299815556573,-19.687261938644355,0.9971437727715281,-25.39506946060601,-26.22803158369379,0.9990398124711765,-35.397387279261224,-36.230349402349006,0.9998187140465122,0
214,8,Vacuum Beef Striploins,Salmonella Typhimurium,-20.99526678619427,-21.211626189973018,0.8913173214194098,-45.63774271004523,-45.85410211382398,0.9967841917450002,-20.99526937467522,-21.211628778453967,0.8913173616084085,-20.995269984387186,-21.21162938816593,0.8913173710748515,0
215,10,Pasteurised Double Cream,Serratia marcescens,-274.42399376159193,-276.87881631711235,1.0,-263.64303259787755,-266.097855153398,1.0,-268.3662858117087,-270.8211083672291,1.0,-273.02624197396443,-275.48106452948485,1.0,0
216,10,Pasteurised Full-fat Milk,Serratia marcescens,-9.182181647779462,-10.74442999804306,0.9964814929054867,-3.7400691499260965,-5.302317500189695,0.9895514911093566,-11.741482254746295,-13.303730605009893,0.9978910785463898,-9.172762116829198,-10.735010467092795,0.9964748581204977,0
217,10,Pasteurised Skim Milk,Serratia marcescens,-271.48484650019395,-273.9396690557144,1.0,-268.3662858117087,-270.8211083672291,1.0,-299.98230704190723,-302.43712959742766,1.0,-279.7162655914707,-282.1710881469911,1.0,0
218,10,UHT Double Cream,Serratia marcescens,-268.2553509988349,-270.7101735543553,1.0,-269.0163737367124,-271.47119629223283,1.0,-274.76300124677397,-277.2178238022944,1.0,-267.47372381346446,-269.9285463689849,1.0,0
219,10,UHT Full-fat Milk,Serratia marcescens,-265.568968736577,-268.0237912920974,1.0,-263.4565173712187,-265.9113399267391,1.0,-236.41687493502113,-238.87169749054158,1.0,-264.9485143523145,-267.4033369078349,1.0,0
220,10,UHT Skim Milk,Serratia marcescens,-273.11335738542437,-275.5681799409448,1.0,-271.56032880359237,-274.0151513591128,1.0,-265.8728935024211,-268.32771605794153,1.0,-279.28944497598155,-281.744267531502,1.0,0
221,15,Pasteurised Double Cream,Serratia marcescens,-13.18627309415194,-14.01923521723972,0.9961448971843732,-13.935050632561577,-14.768012755649357,0.9965971904760301,-8.108577893560483,-8.941540016648263,0.9910138885714365,-12.957719801023174,-13.790681924110954,0.9959952150131419,0
222,15,Pasteurised Full-fat Milk,Serratia marcescens,-23.257240059704493,-24.81948840996809,0.999746453057219,-43.21071583602324,-44.77296418628684,0.9999953127135672,-15.80064558001909,-17.362893930282688,0.9988735032436669,-25.36801528989055,-26.93026364015415,0.9998337664148912,0
223,15,Pasteurised Skim Milk,Serratia marcescens,-268.3662980187213,-270.8211205742417,1.0,-263.47119629223283,-265.92601884775326,1.0,-269.25887222397813,-271.71369477949855,1.0,-18.46900819851686,-20.923830754037297,0.9995932506639006,0
224,15,UHT Double Cream,Serratia marcescens,-15.24447404832263,-16.07743617141041,0.99758359741029,-5.103418497229926,-5.936380620317706,0.9869020487324521,-11.625180836870765,-12.458142959958545,0.9955828467113983,-16.397818272302136,-17.230780395389914,0.9980061730873706,0
225,15,UHT Full-fat Milk,Serratia marcescens,-14.501004712078952,-15.333966835166732,0.9968248019676054,-4.27689767230706,-5.10985979539484,0.9825491589923248,-17.221465158489988,-18.054427281577766,0.9979822966111348,-10.187482468818931,-11.020444591906712,0.9934838065635163,0
226,15,UHT Skim Milk,Serratia marcescens,-14.30677859422886,-15.869026944492457,0.9986972538867749,-15.628224984323765,-17.190473334587363,0.9989998148295899,-19.04588243985161,-20.608130790115208,0.9994950754858637,-15.83058305205168,-17.392831402315277,0.9990394857494398,0
227,6,Pasteurised Double Cream,Serratia marcescens,-21.907313660454893,-22.74027578354267,0.9981806836596795,-22.834681236714538,-23.66764335980232,0.9984412261312852,-23.068096647771256,-23.901058770859038,0.9985007020546471,-23.05131885636018,-23.884280979447958,0.9984965037027618,0
228,6,Pasteurised Full-fat Milk,Serratia marcescens,-22.73263890236694,-22.4148727356476,0.9952634365442983,-22.208375573537673,-21.890609406818328,0.9949426391326479,-22.065260500594825,-21.74749433387548,0.9948513519603646,-22.00580453445648,-21.688038367737136,0.994812944685358,0
229,6,Pasteurised Skim Milk,Serratia marcescens,-21.37778557834004,-22.21074770142782,0.9981321017531445,-20.11286875399356,-20.94583087708134,0.9976937257645616,-19.04513017564298,-19.878092298730763,0.9972445252051965,-19.98396993836075,-20.816932061448533,0.9976436437282137,0
230,6,UHT Double Cream,Serratia marcescens,-25.496536033533026,-25.17876986681368,0.9967602975913784,-32.01149363509455,-31.693727468375208,0.9985650761577509,-23.899396491143765,-23.581630324424424,0.9960444331367929,-29.571898361034762,-29.254132194315417,0.9980534449183532,0
231,6,UHT Full-fat Milk,Serratia marcescens,-20.29648750958318,-20.512846913361926,0.9975832563649091,-7.294862991738883,-7.51122239551763,0.9845161745486053,-13.4072833395747,-13.623642743353447,0.9935337712697518,-16.320864714368362,-16.53722411814711,0.9957353200278225,0
232,6,UHT Skim Milk,Serratia marcescens,-16.97175128357594,-17.188110687354687,0.994823531284412,-9.72416656908306,-9.940525972861806,0.9854223088953918,-17.223665689671062,-17.44002509344981,0.9950065086404446,-15.099118348179296,-15.315477751958042,0.9932358128483864,0
233,10,C02 Beef Striploins,Spoilage,-18.479178361684376,-17.690280052339496,0.9808058412621353,-13.768905088239404,-12.980006778894525,0.9676061141261926,-23.89020154280763,-23.10130323346275,0.9894789164354257,-18.09520397138916,-17.30630566204428,0.9799692253886886,0
234,10,Vacuum Beef Striploins,Spoilage,-24.665300979379666,-25.498263102467448,0.9983362221760348,-24.271609119486996,-25.104571242574778,0.998223391651983,-24.787377056909698,-25.62033917999748,0.998369731375885,-22.049772590481084,-22.882734713568865,0.9974271552010384,0
235,12,C02 Beef Striploins,Spoilage,-28.902463494485474,-28.58469732776613,0.997163091373541,-16.089586622388403,-15.77182045566906,0.9859260642762131,-31.458581127585724,-31.14081496086638,0.997938981571573,-30.3996998126946,-30.081933645975255,0.9976473075217503,0
236,12,Vacuum Beef Striploins,Spoilage,-24.421643035739926,-24.638002439518672,0.9973579807290688,-23.539725295688374,-23.75608469946712,0.9970032398691201,-22.313563059063398,-22.529922462842144,0.9964295280621694,-23.77684631879817,-23.993205722576917,0.9971030533099249,0
237,15,C02 Beef Striploins,Spoilage,-17.45575376296136,-17.672113166740107,0.98894179558686,-19.365999202635138,-19.582358606413884,0.9915827730965794,-20.070678206587374,-20.28703761036612,0.9923888673452073,-18.37807512104355,-18.594434524822297,0.9903069179603673,0
238,15,Vacuum Beef Striploins,Spoilage,-30.44324361972756,-32.00549196999116,0.9997993165667478,-26.427394736543434,-27.989643086807032,0.9995519528447189,-26.255653155253583,-27.81790150551718,0.9995362958224799,-27.16879931060354,-28.731047660867137,0.9996136987253178,0
239,20,C02 Beef Striploins,Spoilage,-21.082606316354923,-21.9155684394427,0.9941096338679084,-20.266034351163903,-21.098996474251685,0.9932508708286572,-20.578111121457273,-21.41107324454505,0.9935929388307781,-20.42924585598601,-21.262207979073793,0.9934319855813304,0
240,20,Vacuum Beef Striploins,Spoilage,-8.360437391292649,-9.19339951438043,0.9770317420394012,-9.215379096385774,-10.048341219473555,0.9800820190342606,-10.187497807029537,-11.020459930117317,0.9830612634135233,-8.621322445836753,-9.454284568924534,0.9780090208279447,0
241,30,C02 Beef Striploins,Spoilage,-36.34292540219648,-36.559284805975224,0.9991348544870372,-38.07962746787304,-38.295986871651785,0.999324942804899,-37.640652921387414,-37.85701232516616,0.9992812539688172,-38.091526857554925,-38.30788626133367,0.9993260893684685,0
242,30,Vacuum Beef Striploins,Spoilage,-20.930070791916236,-21.76303291500402,0.9960662965776427,-16.534535513492177,-17.367497636579955,0.9918160858232883,-24.545250015678384,-25.378212138766166,0.9978465925281614,-19.868452364216175,-20.701414487303957,0.9953049078796113,0
243,8,Vacuum Beef Striploins,Spoilage,-14.198724421223833,-14.41508382500258,0.9893511616996616,-6.739470828582968,-6.955830232361715,0.9690906581790063,-16.37443064086402,-16.590790044642766,0.9921960061696043,-13.138560349592506,-13.354919753371252,0.9876098374295283,0
244,10,Cooked Chicken Breast,Staphylococcus spp.,-27.093947812000025,-25.154321212848025,0.9871565735113659,-24.902024619858352,-22.962398020706352,0.9845826671051415,-27.890787179932964,-25.951160580780964,0.9879817197781516,-23.845684756227158,-21.906058157075158,0.9831639787829368,0
245,10,Raw Chicken Breast,Staphylococcus spp.,-31.40506815727923,-29.81348706608575,0.9961853918751757,-18.30393039018452,-16.712349298991036,0.9874483709219753,-32.6254379119335,-31.03385682074002,0.996585963775406,-34.15563738151128,-32.5640562903178,0.9970293339342639,0
246,10,Salted Chicken Breast,Staphylococcus spp.,-32.3209885429268,-30.061191113080653,0.9924884977506471,-39.403408774609936,-37.14361134476379,0.9956436527362024,-29.299360319543,-27.039562889696853,0.990522994230902,-39.29836598821508,-37.03856855836894,0.9956083099201088,0
247,15,Cooked Chicken Breast,Staphylococcus spp.,-33.07302415363923,-31.48144306244575,0.9963627256572791,-32.83821690238782,-31.246635811194338,0.9962842493835157,-32.86538417099976,-31.273803079806278,0.9962934150417788,-30.939507632418753,-29.34792654122527,0.9955841928309541,0
248,15,Raw Chicken Breast,Staphylococcus spp.,-15.606547785958483,-14.817649476613605,0.9836824872422253,-11.651451724468423,-10.862553415123545,0.9746774816984701,-18.28333643568255,-17.49443812633767,0.9878804727719631,-14.913970452316708,-14.12507214297183,0.982377227275983,0
249,15,Salted Chicken Breast,Staphylococcus spp.,-40.01080157787061,-38.07117497871861,0.9970874773477678,-43.41018150703519,-41.47055490788319,0.9978059746068584,-32.79113887410828,-30.851512274956278,0.9946843348217136,-40.95887585167124,-39.01924925251924,0.9973087294461127,0
250,20,Cooked Chicken Breast,Staphylococcus spp.,-27.189382692542537,-26.400484383197657,0.9968445943284744,-27.070715699251537,-26.281817389906657,0.9968027141126237,-27.430957378862104,-26.642059069517224,0.9969281639754694,-26.679813759557824,-25.890915450212944,0.9966607847023101,0
251,20,Raw Chicken Breast,Staphylococcus spp.,-26.14598574507061,-25.35708743572573,0.9949013071860052,-24.13733659280293,-23.34843828345805,0.9936263810324414,-27.824948712440353,-27.036050403095473,0.9957690237640269,-25.20299223272462,-24.41409392337974,0.9943380902168351,0
252,20,Salted Chicken Breast,Staphylococcus spp.,-19.755940796046417,-18.967042486701537,0.9923634016996254,-19.280860403743215,-18.49196209439834,0.9919494616446152,-20.996856105373848,-20.20795779602897,0.9933469674280974,-18.99131530264438,-18.2024169932995,0.991686251056486,0
253,2,Cooked Chicken Breast,Staphylococcus spp.,-35.7705681531553,-34.56022778117912,0.9925439968291548,-10.781063615979619,-9.570723244003435,0.9092625695263024,-33.177899289549885,-31.9675589175737,0.9903371717099759,-35.698044163914915,-34.48770379193873,0.9924897263621156,0
254,2,Raw Chicken Breast,Staphylococcus spp.,-33.410817664778385,-32.621919355433505,0.9981345024457388,-34.475202579998395,-33.686304270653515,0.9983425789465293,-30.139700218737445,-29.350801909392565,0.9973168665839642,-34.13752926199931,-33.34863095265443,0.998279212440228,0
255,2,Salted Chicken Breast,Staphylococcus spp.,-30.114834788555655,-28.90449441657947,0.9954571859691401,-30.89500945602218,-29.684669084045996,0.9957981320186562,-31.315106689496787,-30.104766317520603,0.9959709949463409,-31.09580508990227,-29.885464717926087,0.9958816622612158,0
256,4,Cooked Chicken Breast,Staphylococcus spp.,-21.388782606310684,-21.60514201008943,0.9957026748451169,-12.618740935254745,-12.835100339033492,0.984957855902985,-19.48910922777667,-19.705468631555416,0.9943628721837611,-24.961944608097205,-25.17830401187595,0.9974206406410963,0
257,4,Raw Chicken Breast,Staphylococcus spp.,-14.669192087100015,-14.351425920380672,0.9875757548243593,-9.202311360245758,-8.884545193526415,0.9753935178430522,-17.97291058907773,-17.65514442235839,0.9917790563073382,-15.327656258624334,-15.00989009190499,0.988557416415669,0
258,4,Salted Chicken Breast,Staphylococcus spp.,-13.5336757113668,-14.36663783445458,0.9909657904546922,-19.337846275324885,-20.170808398412667,0.9965662372502494,-13.217836049146065,-14.050798172233845,0.9904774908918963,-14.980978360790548,-15.813940483878328,0.9929020832612696,0
259,7,Cooked Chicken Breast,Staphylococcus spp.,-50.46695978898683,-47.91073047052579,0.9961821892429323,-35.07173463143711,-32.515505312976074,0.9885345737049758,-52.47549130317791,-49.919261984716876,0.9966924404500604,-48.99061091574067,-46.43438159727963,0.9957575936270828,0
260,7,Raw Chicken Breast,Staphylococcus spp.,-30.353118950506058,-27.796889632045023,0.992282254623823,-22.93265972157902,-20.376430403117986,0.9868876429253707,-33.78381096248768,-31.227581644026642,0.9939595842507413,-29.43927839072203,-26.883049072260995,0.9917616787006229,0
261,7,Salted Chicken Breast,Staphylococcus spp.,-32.48131442317736,-29.925085104716324,0.9913574053405486,-33.15267482383562,-30.596445505374582,0.9917620746755428,-38.98004601232667,-36.42381669386563,0.9945669116344733,-33.34002340607239,-30.783794087611355,0.9918715805942773,0
262,15,TSB,Stenotrophomonas.maltophilia..RDA.R.,-100.09487905095614,-95.55290218723954,0.9894051341445934,-60.73549929813623,-56.193522434419634,0.9413465198417911,-98.62046966941004,-94.07849280569344,0.9887037107567264,-102.0113054300815,-97.46932856636491,0.9902521510079675,0
263,25,TSB,Stenotrophomonas.maltophilia..RDA.R.,-49.47601458626682,-47.216217156420676,0.991388028898165,-23.694542893993706,-21.43474546414756,0.937426406871429,-49.25034898522247,-46.99055155537633,0.9912372295504274,-53.123536703987746,-50.8637392741416,0.9934949773136273,0
264,35,TSB,Stenotrophomonas.maltophilia..RDA.R.,-47.17168683457483,-44.339486030165986,0.9738126125205557,-16.2806112416633,-13.448410437254461,0.7946567558894237,-47.17341293960557,-44.34121213519673,0.9738156258259277,-48.82795150051309,-45.995750696104245,0.9765502400879076,0
265,5,TSB,Stenotrophomonas.maltophilia..RDA.R.,-118.83504195280844,-113.36585863286254,0.9887575754374317,-120.53223989319562,-115.06305657324972,0.9893966449763117,-118.62619563749018,-113.15701231754429,0.9886763197914991,-122.3745859629588,-116.9054026430129,0.9900493160461542,0
266,15,TSB,Stenotrophomonas.maltophilia.1,-57.0769942890669,-52.535017425350304,0.9142529326353275,-31.633037907705265,-27.091061043988667,0.7407842157280329,-57.07779961620919,-52.53582275249259,0.9142559349497531,-60.16485088891872,-55.62287402520212,0.9250255603444797,1
267,25,TSB,Stenotrophomonas.maltophilia.1,-51.6076587733194,-48.77545796891056,0.9537420109172008,-42.12775119510357,-39.29555039069473,0.9129721637379556,-51.61705232135066,-48.78485151694182,0.9537709702913639,-51.62787048804828,-48.79566968363944,0.9538042991613207,1
268,35,TSB,Stenotrophomonas.maltophilia.1,-67.41536208020435,-64.5831612757955,0.9887645767817341,-29.19185197886531,-26.359651174456467,0.8563606590254955,-67.41515118093602,-64.58295037652718,0.9887644188111212,-67.31856070024834,-64.4863598958395,0.9886918353537056,0
269,5,TSB,Stenotrophomonas.maltophilia.1,-164.09568649596062,-158.62650317601472,0.9962426670359108,-147.3230873242968,-141.8539040043509,0.9933002187518544,-160.02028365823108,-154.55110033828518,0.99567574219451,-169.07916240833748,-163.60997908839158,0.9968359103285285,0
270,15,TSB,Stenotrophomonas.maltophilia.2,-37.35556061925772,-32.813583755541124,0.8606949076758679,-24.024296535780167,-19.482319672063568,0.7512902350063974,-37.35606846841281,-32.81409160469621,0.8606979835537979,-41.290542600244585,-36.748565736527986,0.8826007799837978,1
271,25,TSB,Stenotrophomonas.maltophilia.2,-81.72153875987952,-78.6311838709204,0.9973503200638291,-38.57008629214668,-35.47973140318755,0.9606929208721366,-81.72253109859295,-78.63217620963383,0.9973504843949818,-77.62997884428601,-74.53962395532689,0.9965782184084936,0
272,35,TSB,Stenotrophomonas.maltophilia.2,-60.39854591075833,-57.3081910217992,0.9696030157840573,-33.33304306499214,-30.242688176033013,0.8350013440798958,-60.195644759883834,-57.10528987092471,0.9692150873173808,-60.72129229844286,-57.630937409483735,0.9702100302632649,1
273,5,TSB,Stenotrophomonas.maltophilia.2,-161.9228334487364,-156.4536501287905,0.9959763925649623,-168.8109181476779,-163.341734827732,0.996827059659772,-161.27913406376896,-155.80995074382307,0.9958860838777681,-166.96614725141276,-161.49696393146687,0.9966186619645794,0
274,16,ESAW,Tetraselmis tetrahele,-46.02240663093866,-44.08278003178666,0.9872652557375672,-24.178816352711785,-22.239189753559785,0.921379442062177,-45.26540283674036,-43.32577623758836,0.9864360209969303,-46.181077754425544,-44.241451155273545,0.9874325337242426,0
275,16,ESAW,Tetraselmis tetrahele,-32.5330768203559,-30.593450221203902,0.9693206071950711,-12.454901297866208,-10.515274698714206,0.8365066235333097,-32.53308167764302,-30.59345507849102,0.9693206196132867,-32.5330810445376,-30.593454445385603,0.96932061799468,0
276,16,ESAW,Tetraselmis tetrahele,-45.31406316970877,-43.05426573986262,0.9802751737807991,-24.301356962639915,-22.04155953279377,0.9006906155685148,-44.77537077752924,-42.515573347683095,0.9794406477891813,-45.33113405169611,-43.071336621849966,0.9803010583343511,0
277,16,ESAW,Tetraselmis tetrahele,-46.024443253406076,-43.76464582355993,0.9863031639103096,-15.894395370737023,-13.634597940890876,0.8609462074848167,-46.024447262486504,-43.76464983264036,0.9863031681342872,-46.02444173384745,-43.76464430400131,0.9863031623092983,0
278,16,ESAW,Tetraselmis tetrahele,-57.865525453071996,-55.60572802322585,0.9924179305511678,-28.97748276568808,-26.717685335841935,0.9300386248248235,-55.844382593228275,-53.58458516338213,0.99114255184569,-58.29445691158938,-56.03465948174323,0.9926640167684774,0
279,25,ESAW,Tetraselmis tetrahele,-21.550614124686017,-19.29081669483987,0.7348451115571937,-19.27333984916021,-17.013542419314064,0.68407997876252,-21.550680351185164,-19.29088292133902,0.7348464623445217,-24.925680379076752,-22.665882949230607,0.7954742961414087,0
280,25,ESAW,Tetraselmis tetrahele,-21.68462475025914,-19.424827320412994,0.7356289534031407,-21.485149635906506,-19.225352206060357,0.7315410984222228,-21.68473705081782,-19.42493962097167,0.7356312371637559,-27.114215205674597,-24.854417775828452,0.8258890409512931,0
281,25,ESAW,Tetraselmis tetrahele,-28.313094472116326,-26.05329704227018,0.818671883760635,-21.65567719109984,-19.395879761253696,0.6973983637473382,-28.31319352454924,-26.053396094703096,0.8186732653700692,-32.287776451917814,-30.02797902207167,0.8664383165613988,0
282,25,ESAW,Tetraselmis tetrahele,-29.8837615991741,-27.05156079476526,0.8646575588186747,-24.07643475520637,-21.24423395079753,0.8006696913900728,-29.88449545665727,-27.052294652248428,0.864664180127587,NA,NA,NA,0
283,25,ESAW,Tetraselmis tetrahele,-31.278445890690044,-29.338819291538044,0.9031799106579215,-21.138514595228745,-19.198887996076742,0.7746062704749785,-31.278892060427793,-29.339265461275794,0.903183510440489,-35.31652315331958,-33.37689655416758,0.9308451585966662,0
284,32,ESAW,Tetraselmis tetrahele,-1.318662447623737,0.2729186435697457,0.5943969367802784,0.8033225656595473,2.39490365685303,0.5080964144076474,-1.5909821547603347,0.0005989364331480118,0.6043149100268712,-1.3186632309407784,0.27291786025270426,0.5943969656635311,0
285,32,ESAW,Tetraselmis tetrahele,-1.4090166815859675,0.1825644096075152,0.7155374963007881,5.212131765904422,6.803712857097905,0.48067804198698005,-1.4089887106902665,0.18259238050321613,0.7155367729661393,-1.4089486698489182,0.18263242134456448,0.7155357374963507,0
286,32,ESAW,Tetraselmis tetrahele,-4.4890298579488785,-2.897448766755396,0.7750390519159198,1.4486589387590332,3.040240029952516,0.614046570323596,-4.489029620305191,-2.897448529111708,0.7750390470558698,-4.489031596047905,-2.8974505048544223,0.7750390874617721,0
287,32,ESAW,Tetraselmis tetrahele,-9.055607515618867,-7.1159809164668655,0.8389170175664643,0.456457665711941,2.3960842648639424,0.6441206569142643,-9.055709548180698,-7.116082949028696,0.8389183872030885,-9.055607536076693,-7.115980936924691,0.8389170178410816,0
288,32,ESAW,Tetraselmis tetrahele,-13.241848147083957,-11.302221547931955,0.7749220278701365,-8.92763320369717,-6.988006604545168,0.6775446113433303,-13.343387546710183,-11.403760947558181,0.7768185163884653,-13.241849207853534,-11.302222608701532,0.7749220477664578,1
289,5,ESAW,Tetraselmis tetrahele,-6.826163708328172,-5.23458261713469,0.9049344387064371,-0.5451968197671704,1.0463842714263123,0.8317310213725039,-8.54487867327541,-6.953297582081927,0.9186858573741717,NA,NA,NA,0
290,5,ESAW,Tetraselmis tetrahele,-7.26828019763013,-5.676699106436647,0.9081929057815654,-0.8165673763163355,0.7750137148771472,0.8349565254856205,-7.58063600955855,-5.989054918365067,0.910763192839284,-7.257691270892941,-5.666110179699459,0.9081044869952425,0
291,5,ESAW,Tetraselmis tetrahele,-17.97532214464426,-16.383741053450777,0.9345472689805574,-15.217726615828056,-13.626145524634573,0.91589897784811,-21.579832357168208,-19.988251265974725,0.9528353122503064,-19.028746922333852,-17.43716583114037,0.9405246268989916,0
292,5,ESAW,Tetraselmis tetrahele,6.544689755864255,8.136270847057737,0.65154797093648,1.6641601461358801,3.255741237329363,0.7764095431061202,1.0044834290723106,2.5960645202657933,0.7894242490542854,1.2081709551187902,2.799752046312273,0.7854886827207347,0
293,5,ESAW,Tetraselmis tetrahele,-24.114937662950027,-23.326039353605147,0.9680032217515963,-23.4888820858989,-22.69998377655402,0.9656982302593818,-23.7171829046489,-22.92828459530402,0.9665574115461171,-24.32426974424606,-23.53537143490118,0.968738850459371,0
294,8,ESAW,Tetraselmis tetrahele,-13.003447721034242,-11.411866629840759,0.9057845058578791,-9.607786519230697,-8.016205428037214,0.8717115656383233,-15.31231810235569,-13.720737011162207,0.923622561726553,-12.924029364272002,-11.33244827307852,0.9051018225944621,0
295,8,ESAW,Tetraselmis tetrahele,-35.88749278657271,-34.67715241459652,0.9873561357085333,-35.204615685524445,-33.99427531354826,0.9864625519969581,-35.65840572484277,-34.44806535286659,0.9870631378495346,-35.92882049059885,-34.718480118622665,0.9874082820679656,0
296,8,ESAW,Tetraselmis tetrahele,-18.333766001277738,-16.742184910084255,0.931358934060714,-13.322855675012203,-11.73127458381872,0.891751632399553,-20.756072176788567,-19.164491085595085,0.9449258019153486,-18.332882126862717,-16.741301035669235,0.931353418377118,0
297,8,ESAW,Tetraselmis tetrahele,-11.15151777901659,-9.559936687823107,0.9101425011435699,-5.187007647748715,-3.595426556555232,0.8454599535267656,-13.141019678557367,-11.549438587363884,0.9250095133799808,-11.18806790704118,-9.596486815847697,0.9104405786603667,0
298,8,ESAW,Tetraselmis tetrahele,-8.71533558934405,-7.123754498150568,0.8956991524833194,-1.3035535972914545,0.2880274939020282,0.7953957039422591,-10.033763796255165,-8.442182705061683,0.9074802275387411,-8.716103584194475,-7.124522493000992,0.8957064342758254,0
299,12,MRS broth,Weissella viridescens,-10.649429290306507,-8.093199971845474,0.9921218259393155,-10.613422176209035,-8.057192857748001,0.9921015376952962,-10.148734223458202,-7.592504904997169,0.9918349725185592,-10.126596739667914,-7.57036742120688,0.9918220513652208,0
300,16,MRS broth,Weissella viridescens,-29.88134337982258,-26.548490003597717,0.9967099708543231,-24.731012619327615,-21.39815924310275,0.9955457573049874,-27.813971315117072,-24.481117938892208,0.9962845249441326,-14.797230000539262,-11.464376624314397,0.9920099484575831,0
301,20,MRS broth,Weissella viridescens,-27.047976851672686,-24.215776047263844,0.9972860430868641,-15.588161256352734,-12.755960451943894,0.9941736228514411,-20.860930013543477,-18.02872920913464,0.9959004489212966,-33.666544314287734,-30.83434350987889,0.9982542751527198,0
302,30,MRS broth,Weissella viridescens,-31.22657229783094,-28.670342979369906,0.9985502473142958,-17.091707028878883,-14.53547771041785,0.9960210171798775,-24.96272644699114,-22.406497128530106,0.9977321992232316,-26.920135733391838,-24.363906414930803,0.9980281038509353,0
303,4,MRS broth,Weissella viridescens,-30.9248995935706,-30.13600128422572,0.9982945928344971,-30.63618480640963,-29.84728649706475,0.998238997393271,-31.47704208540187,-30.68814377605699,0.9983960734394334,-29.51463175953498,-28.7257334501901,0.9980052867314472,0
304,8,MRS broth,Weissella viridescens,-64.86075170398901,-60.87782260977305,0.9992380547545912,-57.6367498296658,-53.65382073544984,0.99890657003612,-62.19035256394547,-58.207423469729505,0.9991292153918393,-30.373351223980436,-26.390422129764474,0.9957262594888557,0
